{"stats":{"minecraft:used":{"minecraft:oak_sign":5},"minecraft:custom":{"minecraft:jump":9,"minecraft:open_chest":1,"minecraft:time_since_rest":3310,"minecraft:crouch_one_cm":96,"minecraft:leave_game":1,"minecraft:sprint_one_cm":1595,"minecraft:play_time":3310,"minecraft:walk_on_water_one_cm":29,"minecraft:time_since_death":3310,"minecraft:walk_one_cm":1825,"minecraft:sneak_time":309,"minecraft:climb_one_cm":789,"minecraft:total_world_time":3332,"minecraft:walk_under_water_one_cm":220,"minecraft:swim_one_cm":577,"minecraft:fly_one_cm":97086}},"DataVersion":3465}