{"stats":{"minecraft:used":{"minecraft:trident":20,"minecraft:cherry_sapling":15,"minecraft:moss_carpet":235,"minecraft:blue_terracotta":2,"minecraft:iron_bars":11,"minecraft:stone_sword":28,"minecraft:white_tulip":3,"minecraft:melon":7,"minecraft:heavy_core":2,"minecraft:red_concrete":6,"minecraft:armor_stand":4,"minecraft:spruce_slab":15,"minecraft:redstone":228,"minecraft:ladder":15,"minecraft:suspicious_sand":353,"minecraft:mangrove_button":1,"minecraft:chest":4,"minecraft:spruce_planks":109,"minecraft:stone":2,"minecraft:zombie_spawn_egg":24,"minecraft:stripped_jungle_wood":5,"minecraft:mangrove_fence":52,"minecraft:player_head":36,"minecraft:sandstone_wall":272,"minecraft:smooth_sandstone_stairs":74,"minecraft:green_terracotta":3,"minecraft:orange_stained_glass":29,"minecraft:dirt":4,"minecraft:anvil":1,"minecraft:blue_stained_glass":8,"minecraft:spruce_stairs":1186,"minecraft:oak_wood":51,"minecraft:spruce_fence":81,"minecraft:blue_concrete":6,"minecraft:snowball":982,"minecraft:obsidian":10,"minecraft:glass":149,"minecraft:crimson_button":2,"minecraft:packed_ice":515,"minecraft:sea_lantern":10,"minecraft:mangrove_stairs":32,"minecraft:lantern":50,"minecraft:red_wool":6,"minecraft:yellow_stained_glass":54,"minecraft:iron_block":109,"minecraft:grass_block":39,"minecraft:smooth_sandstone":137,"minecraft:birch_hanging_sign":2,"minecraft:netherite_hoe":34,"minecraft:dark_oak_slab":92,"minecraft:cherry_button":9,"minecraft:cherry_leaves":24,"minecraft:smooth_quartz":2,"minecraft:pink_wool":35,"minecraft:item_frame":16,"minecraft:glowstone":57,"minecraft:purple_concrete":108,"minecraft:red_stained_glass_pane":4,"minecraft:repeater":165,"minecraft:hay_block":143,"minecraft:magenta_wool":8,"minecraft:tall_grass":7,"minecraft:mangrove_slab":56,"minecraft:podzol":33,"minecraft:egg":35,"minecraft:pink_concrete_powder":37,"minecraft:pearlescent_froglight":45,"minecraft:observer":12,"minecraft:orange_stained_glass_pane":3,"minecraft:wheat_seeds":33,"minecraft:short_grass":9,"minecraft:dark_oak_stairs":4,"minecraft:water_bucket":26,"minecraft:end_rod":25,"minecraft:mangrove_wood":264,"minecraft:pink_glazed_terracotta":8,"minecraft:torchflower":4,"minecraft:sandstone_stairs":184,"minecraft:spruce_door":1,"minecraft:dropper":12,"minecraft:red_stained_glass":19,"minecraft:lime_wool":99,"minecraft:smooth_sandstone_slab":13,"minecraft:wooden_pickaxe":3,"minecraft:sandstone":780,"minecraft:cut_sandstone":75,"minecraft:redstone_block":36,"minecraft:spruce_sign":2,"minecraft:red_glazed_terracotta":1,"minecraft:spruce_fence_gate":5,"minecraft:jungle_wood":5,"minecraft:polished_blackstone_pressure_plate":2,"minecraft:stripped_mangrove_wood":3,"minecraft:sand":267,"minecraft:comparator":11,"minecraft:cut_sandstone_slab":58,"minecraft:birch_sign":41,"minecraft:smooth_red_sandstone":53,"minecraft:yellow_stained_glass_pane":11,"minecraft:yellow_concrete":73,"minecraft:crossbow":5,"minecraft:painting":25,"minecraft:spruce_log":32,"minecraft:purple_concrete_powder":8,"minecraft:redstone_torch":4,"minecraft:oak_log":4,"minecraft:sticky_piston":8,"minecraft:lever":1,"minecraft:diamond_pickaxe":2,"minecraft:black_wool":91,"minecraft:chiseled_sandstone":256,"minecraft:crying_obsidian":1,"minecraft:stripped_bamboo_block":2,"minecraft:command_block":110,"minecraft:lime_carpet":236,"minecraft:heavy_weighted_pressure_plate":4,"minecraft:string":11,"minecraft:barrier":155,"minecraft:oak_button":1,"minecraft:red_terracotta":12,"minecraft:spruce_trapdoor":1,"minecraft:magenta_concrete_powder":8,"minecraft:cherry_sign":7,"minecraft:iron_door":1,"minecraft:lilac":5,"minecraft:green_carpet":278,"minecraft:diamond_sword":4,"minecraft:stripped_oak_wood":1,"minecraft:smithing_table":1,"minecraft:pink_shulker_box":1,"minecraft:red_banner":13,"minecraft:sandstone_slab":477,"minecraft:ice":3,"minecraft:magenta_glazed_terracotta":7,"minecraft:repeating_command_block":3,"minecraft:gray_wool":10,"minecraft:bone_meal":62,"minecraft:purple_wool":197,"minecraft:birch_stairs":11},"minecraft:dropped":{"minecraft:water_bucket":1,"minecraft:cherry_sign":3,"minecraft:mangrove_wood":6,"minecraft:sand":1,"minecraft:mangrove_slab":1,"minecraft:comparator":2,"minecraft:sea_lantern":4,"minecraft:spruce_log":2,"minecraft:egg":1},"minecraft:picked_up":{"minecraft:wheat":1,"minecraft:redstone_block":3,"minecraft:string":8,"minecraft:moss_carpet":5,"minecraft:item_frame":15,"minecraft:comparator":2,"minecraft:redstone_torch":2,"minecraft:cherry_button":3,"minecraft:egg":1,"minecraft:redstone":5,"minecraft:trident":3,"minecraft:rotten_flesh":1,"minecraft:stone_sword":5,"minecraft:iron_block":2,"minecraft:obsidian":2,"minecraft:water_bucket":1,"minecraft:fern":101,"minecraft:mangrove_slab":1,"minecraft:lantern":5,"minecraft:wheat_seeds":3,"minecraft:cherry_sign":3,"minecraft:sand":1,"minecraft:spruce_log":2,"minecraft:sea_lantern":4,"minecraft:mangrove_wood":6,"minecraft:birch_sign":3,"minecraft:mangrove_button":1,"minecraft:diamond_pickaxe":6},"minecraft:mined":{"minecraft:obsidian":2,"minecraft:redstone_block":3},"minecraft:crafted":{"minecraft:chainmail_helmet":4,"minecraft:chainmail_chestplate":4},"minecraft:custom":{"minecraft:interact_with_smithing_table":7,"minecraft:inspect_dropper":24,"minecraft:mob_kills":9,"minecraft:interact_with_anvil":13,"minecraft:open_shulker_box":20,"minecraft:leave_game":11,"minecraft:time_since_death":534963,"minecraft:climb_one_cm":3769,"minecraft:sprint_one_cm":931344,"minecraft:walk_one_cm":1294656,"minecraft:drop":21,"minecraft:play_time":534963,"minecraft:sneak_time":13176,"minecraft:walk_under_water_one_cm":832,"minecraft:jump":4589,"minecraft:walk_on_water_one_cm":3449,"minecraft:total_world_time":743341,"minecraft:time_since_rest":534963,"minecraft:damage_taken":50,"minecraft:damage_dealt":1592,"minecraft:swim_one_cm":272,"minecraft:fly_one_cm":3726707,"minecraft:open_chest":10,"minecraft:crouch_one_cm":11520},"minecraft:killed":{"minecraft:zombie":8}},"DataVersion":3953}